observation_date,IHLIDXUSTPSOFTDEVE
2020-02-01,100.00
2020-02-02,99.84
2020-02-03,99.73
2020-02-04,99.55
2020-02-05,99.47
2020-02-06,99.46
2020-02-07,99.45
2020-02-08,99.52
2020-02-09,99.55
2020-02-10,99.62
2020-02-11,99.66
2020-02-12,99.67
2020-02-13,99.63
2020-02-14,99.64
2020-02-15,99.61
2020-02-16,99.71
2020-02-17,99.72
2020-02-18,99.70
2020-02-19,99.69
2020-02-20,99.75
2020-02-21,99.75
2020-02-22,99.61
2020-02-23,99.61
2020-02-24,99.56
2020-02-25,99.65
2020-02-26,99.68
2020-02-27,99.68
2020-02-28,99.74
2020-02-29,100.00
2020-03-01,100.13
2020-03-02,100.32
2020-03-03,100.46
2020-03-04,100.59
2020-03-05,100.67
2020-03-06,100.80
2020-03-07,100.82
2020-03-08,100.73
2020-03-09,100.56
2020-03-10,100.51
2020-03-11,100.42
2020-03-12,100.41
2020-03-13,100.28
2020-03-14,100.26
2020-03-15,100.22
2020-03-16,100.30
2020-03-17,100.15
2020-03-18,100.00
2020-03-19,99.71
2020-03-20,99.36
2020-03-21,98.76
2020-03-22,98.24
2020-03-23,97.57
2020-03-24,97.06
2020-03-25,96.38
2020-03-26,95.39
2020-03-27,93.96
2020-03-28,92.62
2020-03-29,91.13
2020-03-30,89.75
2020-03-31,88.25
2020-04-01,86.80
2020-04-02,85.58
2020-04-03,84.86
2020-04-04,84.05
2020-04-05,83.25
2020-04-06,82.38
2020-04-07,81.42
2020-04-08,80.66
2020-04-09,79.87
2020-04-10,79.13
2020-04-11,78.66
2020-04-12,78.20
2020-04-13,77.82
2020-04-14,77.49
2020-04-15,77.05
2020-04-16,76.66
2020-04-17,76.23
2020-04-18,75.74
2020-04-19,75.19
2020-04-20,74.74
2020-04-21,74.37
2020-04-22,73.98
2020-04-23,73.69
2020-04-24,73.35
2020-04-25,72.94
2020-04-26,72.61
2020-04-27,72.19
2020-04-28,71.75
2020-04-29,71.28
2020-04-30,70.77
2020-05-01,70.28
2020-05-02,69.89
2020-05-03,69.46
2020-05-04,69.05
2020-05-05,68.70
2020-05-06,68.50
2020-05-07,68.28
2020-05-08,68.02
2020-05-09,67.82
2020-05-10,67.75
2020-05-11,67.59
2020-05-12,67.30
2020-05-13,66.68
2020-05-14,66.26
2020-05-15,66.06
2020-05-16,65.62
2020-05-17,65.16
2020-05-18,64.89
2020-05-19,64.71
2020-05-20,64.88
2020-05-21,65.07
2020-05-22,65.12
2020-05-23,65.25
2020-05-24,65.38
2020-05-25,65.34
2020-05-26,65.32
2020-05-27,65.20
2020-05-28,64.92
2020-05-29,64.76
2020-05-30,65.00
2020-05-31,64.94
2020-06-01,64.84
2020-06-02,64.88
2020-06-03,65.05
2020-06-04,65.12
2020-06-05,65.18
2020-06-06,65.10
2020-06-07,65.20
2020-06-08,65.35
2020-06-09,65.28
2020-06-10,65.22
2020-06-11,65.24
2020-06-12,65.22
2020-06-13,65.00
2020-06-14,64.93
2020-06-15,64.96
2020-06-16,65.02
2020-06-17,65.01
2020-06-18,65.10
2020-06-19,65.12
2020-06-20,65.36
2020-06-21,65.56
2020-06-22,65.57
2020-06-23,65.59
2020-06-24,65.59
2020-06-25,65.61
2020-06-26,65.62
2020-06-27,65.53
2020-06-28,65.41
2020-06-29,65.39
2020-06-30,65.37
2020-07-01,65.37
2020-07-02,65.40
2020-07-03,65.43
2020-07-04,65.47
2020-07-05,65.52
2020-07-06,65.54
2020-07-07,65.65
2020-07-08,65.95
2020-07-09,66.12
2020-07-10,66.39
2020-07-11,66.67
2020-07-12,66.95
2020-07-13,67.31
2020-07-14,67.62
2020-07-15,67.76
2020-07-16,67.91
2020-07-17,68.02
2020-07-18,67.86
2020-07-19,67.94
2020-07-20,68.03
2020-07-21,68.12
2020-07-22,68.24
2020-07-23,68.33
2020-07-24,68.43
2020-07-25,68.75
2020-07-26,68.81
2020-07-27,68.78
2020-07-28,68.80
2020-07-29,68.79
2020-07-30,68.84
2020-07-31,68.87
2020-08-01,69.13
2020-08-02,69.30
2020-08-03,69.49
2020-08-04,69.59
2020-08-05,69.64
2020-08-06,69.70
2020-08-07,69.62
2020-08-08,69.56
2020-08-09,69.65
2020-08-10,69.75
2020-08-11,69.92
2020-08-12,69.98
2020-08-13,70.09
2020-08-14,70.31
2020-08-15,70.09
2020-08-16,70.10
2020-08-17,70.09
2020-08-18,70.14
2020-08-19,70.22
2020-08-20,70.24
2020-08-21,70.24
2020-08-22,70.48
2020-08-23,70.51
2020-08-24,70.49
2020-08-25,70.41
2020-08-26,70.47
2020-08-27,70.57
2020-08-28,70.68
2020-08-29,70.77
2020-08-30,70.80
2020-08-31,70.90
2020-09-01,71.00
2020-09-02,71.15
2020-09-03,71.28
2020-09-04,71.49
2020-09-05,71.69
2020-09-06,71.93
2020-09-07,72.14
2020-09-08,72.34
2020-09-09,72.39
2020-09-10,72.54
2020-09-11,72.63
2020-09-12,72.75
2020-09-13,72.81
2020-09-14,72.83
2020-09-15,72.92
2020-09-16,73.09
2020-09-17,73.29
2020-09-18,73.38
2020-09-19,73.45
2020-09-20,73.59
2020-09-21,73.68
2020-09-22,73.74
2020-09-23,73.75
2020-09-24,73.75
2020-09-25,73.89
2020-09-26,73.98
2020-09-27,74.07
2020-09-28,74.28
2020-09-29,74.50
2020-09-30,74.82
2020-10-01,75.03
2020-10-02,75.26
2020-10-03,75.55
2020-10-04,75.84
2020-10-05,76.03
2020-10-06,76.17
2020-10-07,76.24
2020-10-08,76.39
2020-10-09,76.48
2020-10-10,76.49
2020-10-11,76.59
2020-10-12,76.77
2020-10-13,76.93
2020-10-14,77.17
2020-10-15,77.48
2020-10-16,77.62
2020-10-17,77.83
2020-10-18,78.04
2020-10-19,78.36
2020-10-20,78.72
2020-10-21,79.04
2020-10-22,79.05
2020-10-23,79.30
2020-10-24,79.56
2020-10-25,79.75
2020-10-26,79.80
2020-10-27,79.91
2020-10-28,80.04
2020-10-29,80.30
2020-10-30,80.33
2020-10-31,80.52
2020-11-01,80.79
2020-11-02,81.01
2020-11-03,81.10
2020-11-04,81.21
2020-11-05,81.33
2020-11-06,81.58
2020-11-07,81.66
2020-11-08,81.72
2020-11-09,81.76
2020-11-10,81.93
2020-11-11,81.98
2020-11-12,82.14
2020-11-13,82.28
2020-11-14,82.30
2020-11-15,82.58
2020-11-16,83.04
2020-11-17,83.39
2020-11-18,83.88
2020-11-19,84.29
2020-11-20,84.72
2020-11-21,85.22
2020-11-22,85.45
2020-11-23,85.77
2020-11-24,86.07
2020-11-25,86.37
2020-11-26,86.69
2020-11-27,86.91
2020-11-28,87.20
2020-11-29,87.57
2020-11-30,87.85
2020-12-01,87.89
2020-12-02,88.07
2020-12-03,88.29
2020-12-04,88.63
2020-12-05,88.97
2020-12-06,89.07
2020-12-07,89.06
2020-12-08,89.36
2020-12-09,89.55
2020-12-10,89.53
2020-12-11,89.66
2020-12-12,89.49
2020-12-13,89.71
2020-12-14,90.05
2020-12-15,90.24
2020-12-16,90.32
2020-12-17,90.45
2020-12-18,90.43
2020-12-19,90.64
2020-12-20,90.64
2020-12-21,90.55
2020-12-22,90.60
2020-12-23,90.62
2020-12-24,90.74
2020-12-25,90.81
2020-12-26,90.94
2020-12-27,91.00
2020-12-28,91.10
2020-12-29,91.20
2020-12-30,91.27
2020-12-31,91.32
2021-01-01,91.30
2021-01-02,91.22
2021-01-03,91.13
2021-01-04,90.93
2021-01-05,90.63
2021-01-06,90.56
2021-01-07,90.64
2021-01-08,90.83
2021-01-09,90.87
2021-01-10,91.13
2021-01-11,91.51
2021-01-12,92.04
2021-01-13,92.45
2021-01-14,92.78
2021-01-15,93.19
2021-01-16,93.85
2021-01-17,94.27
2021-01-18,94.57
2021-01-19,94.82
2021-01-20,94.95
2021-01-21,95.06
2021-01-22,95.11
2021-01-23,94.74
2021-01-24,94.84
2021-01-25,95.04
2021-01-26,95.31
2021-01-27,95.67
2021-01-28,96.11
2021-01-29,96.55
2021-01-30,97.25
2021-01-31,97.65
2021-02-01,98.05
2021-02-02,98.42
2021-02-03,98.72
2021-02-04,98.93
2021-02-05,99.26
2021-02-06,99.58
2021-02-07,99.96
2021-02-08,100.28
2021-02-09,100.55
2021-02-10,100.92
2021-02-11,101.37
2021-02-12,101.75
2021-02-13,102.27
2021-02-14,102.63
2021-02-15,103.02
2021-02-16,103.42
2021-02-17,103.82
2021-02-18,104.14
2021-02-19,104.42
2021-02-20,104.45
2021-02-21,104.74
2021-02-22,105.07
2021-02-23,105.42
2021-02-24,105.81
2021-02-25,106.25
2021-02-26,106.69
2021-02-27,107.23
2021-02-28,107.61
2021-03-01,107.86
2021-03-02,108.16
2021-03-03,108.37
2021-03-04,108.57
2021-03-05,108.73
2021-03-06,108.66
2021-03-07,108.89
2021-03-08,109.24
2021-03-09,109.55
2021-03-10,109.86
2021-03-11,110.15
2021-03-12,110.49
2021-03-13,111.24
2021-03-14,111.56
2021-03-15,111.79
2021-03-16,112.12
2021-03-17,112.41
2021-03-18,112.82
2021-03-19,113.25
2021-03-20,113.60
2021-03-21,114.07
2021-03-22,114.52
2021-03-23,114.92
2021-03-24,115.39
2021-03-25,115.68
2021-03-26,115.89
2021-03-27,116.15
2021-03-28,116.30
2021-03-29,116.48
2021-03-30,116.65
2021-03-31,116.74
2021-04-01,116.92
2021-04-02,117.13
2021-04-03,117.29
2021-04-04,117.54
2021-04-05,117.85
2021-04-06,118.09
2021-04-07,118.31
2021-04-08,118.52
2021-04-09,118.80
2021-04-10,118.76
2021-04-11,118.78
2021-04-12,118.82
2021-04-13,118.97
2021-04-14,119.19
2021-04-15,119.38
2021-04-16,119.55
2021-04-17,120.13
2021-04-18,120.64
2021-04-19,121.08
2021-04-20,121.52
2021-04-21,121.93
2021-04-22,122.36
2021-04-23,122.80
2021-04-24,123.23
2021-04-25,123.46
2021-04-26,123.72
2021-04-27,123.98
2021-04-28,124.26
2021-04-29,124.81
2021-04-30,125.28
2021-05-01,125.63
2021-05-02,126.19
2021-05-03,126.73
2021-05-04,127.34
2021-05-05,127.91
2021-05-06,128.29
2021-05-07,128.68
2021-05-08,129.16
2021-05-09,129.49
2021-05-10,129.85
2021-05-11,130.18
2021-05-12,130.65
2021-05-13,131.12
2021-05-14,131.58
2021-05-15,131.89
2021-05-16,132.37
2021-05-17,132.80
2021-05-18,133.23
2021-05-19,133.44
2021-05-20,133.69
2021-05-21,133.92
2021-05-22,133.78
2021-05-23,133.91
2021-05-24,133.91
2021-05-25,133.78
2021-05-26,133.64
2021-05-27,133.49
2021-05-28,133.35
2021-05-29,133.71
2021-05-30,133.76
2021-05-31,133.95
2021-06-01,133.99
2021-06-02,134.32
2021-06-03,134.53
2021-06-04,134.89
2021-06-05,135.12
2021-06-06,135.43
2021-06-07,135.71
2021-06-08,136.02
2021-06-09,136.24
2021-06-10,136.53
2021-06-11,136.72
2021-06-12,136.91
2021-06-13,137.14
2021-06-14,137.48
2021-06-15,137.98
2021-06-16,138.25
2021-06-17,138.50
2021-06-18,138.52
2021-06-19,138.70
2021-06-20,138.65
2021-06-21,138.63
2021-06-22,138.52
2021-06-23,138.61
2021-06-24,138.71
2021-06-25,139.06
2021-06-26,139.33
2021-06-27,139.71
2021-06-28,140.01
2021-06-29,140.45
2021-06-30,140.83
2021-07-01,141.20
2021-07-02,141.50
2021-07-03,141.81
2021-07-04,142.15
2021-07-05,142.49
2021-07-06,142.88
2021-07-07,143.21
2021-07-08,143.49
2021-07-09,143.84
2021-07-10,144.07
2021-07-11,144.25
2021-07-12,144.33
2021-07-13,144.53
2021-07-14,144.78
2021-07-15,145.06
2021-07-16,145.21
2021-07-17,145.38
2021-07-18,145.81
2021-07-19,146.31
2021-07-20,146.68
2021-07-21,146.95
2021-07-22,147.25
2021-07-23,147.75
2021-07-24,148.31
2021-07-25,148.71
2021-07-26,149.03
2021-07-27,149.35
2021-07-28,149.77
2021-07-29,150.15
2021-07-30,150.40
2021-07-31,150.78
2021-08-01,151.03
2021-08-02,151.26
2021-08-03,151.44
2021-08-04,151.65
2021-08-05,151.88
2021-08-06,152.18
2021-08-07,151.74
2021-08-08,151.96
2021-08-09,152.27
2021-08-10,152.67
2021-08-11,153.16
2021-08-12,153.69
2021-08-13,154.28
2021-08-14,155.53
2021-08-15,156.17
2021-08-16,156.72
2021-08-17,157.38
2021-08-18,157.51
2021-08-19,157.97
2021-08-20,158.47
2021-08-21,159.77
2021-08-22,161.15
2021-08-23,162.64
2021-08-24,163.85
2021-08-25,165.64
2021-08-26,167.19
2021-08-27,168.47
2021-08-28,168.86
2021-08-29,169.22
2021-08-30,169.56
2021-08-31,169.80
2021-09-01,169.79
2021-09-02,169.77
2021-09-03,170.03
2021-09-04,170.06
2021-09-05,170.37
2021-09-06,170.69
2021-09-07,171.22
2021-09-08,171.77
2021-09-09,172.08
2021-09-10,172.17
2021-09-11,172.63
2021-09-12,172.78
2021-09-13,172.87
2021-09-14,172.96
2021-09-15,173.17
2021-09-16,173.39
2021-09-17,173.77
2021-09-18,174.06
2021-09-19,174.39
2021-09-20,174.74
2021-09-21,175.07
2021-09-22,175.35
2021-09-23,175.83
2021-09-24,176.22
2021-09-25,176.58
2021-09-26,176.96
2021-09-27,177.33
2021-09-28,177.82
2021-09-29,178.35
2021-09-30,178.64
2021-10-01,179.03
2021-10-02,179.44
2021-10-03,179.80
2021-10-04,180.11
2021-10-05,180.43
2021-10-06,180.69
2021-10-07,181.22
2021-10-08,181.54
2021-10-09,182.22
2021-10-10,182.92
2021-10-11,183.56
2021-10-12,184.27
2021-10-13,184.86
2021-10-14,185.61
2021-10-15,186.55
2021-10-16,186.97
2021-10-17,187.57
2021-10-18,188.26
2021-10-19,188.86
2021-10-20,189.48
2021-10-21,189.79
2021-10-22,189.92
2021-10-23,190.46
2021-10-24,190.73
2021-10-25,191.00
2021-10-26,191.21
2021-10-27,191.43
2021-10-28,191.73
2021-10-29,192.34
2021-10-30,192.81
2021-10-31,193.31
2021-11-01,193.81
2021-11-02,194.24
2021-11-03,194.65
2021-11-04,195.03
2021-11-05,195.23
2021-11-06,195.40
2021-11-07,195.94
2021-11-08,196.44
2021-11-09,196.87
2021-11-10,197.54
2021-11-11,198.84
2021-11-12,199.76
2021-11-13,201.02
2021-11-14,202.04
2021-11-15,202.88
2021-11-16,204.06
2021-11-17,205.12
2021-11-18,205.45
2021-11-19,206.38
2021-11-20,206.49
2021-11-21,207.01
2021-11-22,207.77
2021-11-23,208.22
2021-11-24,208.71
2021-11-25,208.89
2021-11-26,209.18
2021-11-27,209.84
2021-11-28,209.84
2021-11-29,209.76
2021-11-30,209.99
2021-12-01,209.89
2021-12-02,210.41
2021-12-03,210.63
2021-12-04,210.96
2021-12-05,211.48
2021-12-06,212.11
2021-12-07,212.16
2021-12-08,212.50
2021-12-09,212.79
2021-12-10,213.00
2021-12-11,212.85
2021-12-12,213.09
2021-12-13,213.41
2021-12-14,214.09
2021-12-15,214.83
2021-12-16,215.32
2021-12-17,216.00
2021-12-18,216.95
2021-12-19,217.59
2021-12-20,218.04
2021-12-21,217.51
2021-12-22,216.90
2021-12-23,216.36
2021-12-24,215.59
2021-12-25,214.91
2021-12-26,214.06
2021-12-27,213.18
2021-12-28,213.76
2021-12-29,213.80
2021-12-30,213.65
2021-12-31,213.45
2022-01-01,213.05
2022-01-02,212.49
2022-01-03,211.96
2022-01-04,210.92
2022-01-05,210.44
2022-01-06,210.11
2022-01-07,210.04
2022-01-08,209.78
2022-01-09,210.42
2022-01-10,211.21
2022-01-11,211.92
2022-01-12,212.67
2022-01-13,213.66
2022-01-14,214.12
2022-01-15,215.50
2022-01-16,216.17
2022-01-17,216.66
2022-01-18,217.38
2022-01-19,218.05
2022-01-20,218.57
2022-01-21,219.38
2022-01-22,219.38
2022-01-23,219.66
2022-01-24,220.11
2022-01-25,220.58
2022-01-26,221.00
2022-01-27,221.49
2022-01-28,222.19
2022-01-29,223.28
2022-01-30,224.09
2022-01-31,224.54
2022-02-01,225.21
2022-02-02,225.92
2022-02-03,226.54
2022-02-04,226.92
2022-02-05,227.18
2022-02-06,227.40
2022-02-07,228.02
2022-02-08,227.63
2022-02-09,227.87
2022-02-10,228.01
2022-02-11,228.19
2022-02-12,228.38
2022-02-13,228.57
2022-02-14,228.61
2022-02-15,228.68
2022-02-16,228.77
2022-02-17,229.03
2022-02-18,229.46
2022-02-19,229.35
2022-02-20,229.92
2022-02-21,230.46
2022-02-22,231.41
2022-02-23,231.96
2022-02-24,232.40
2022-02-25,232.70
2022-02-26,233.48
2022-02-27,233.61
2022-02-28,233.93
2022-03-01,233.62
2022-03-02,233.49
2022-03-03,233.15
2022-03-04,232.91
2022-03-05,232.32
2022-03-06,232.06
2022-03-07,231.52
2022-03-08,231.86
2022-03-09,231.98
2022-03-10,232.14
2022-03-11,232.26
2022-03-12,232.67
2022-03-13,232.70
2022-03-14,232.77
2022-03-15,231.75
2022-03-16,230.56
2022-03-17,229.32
2022-03-18,227.86
2022-03-19,226.47
2022-03-20,225.35
2022-03-21,223.75
2022-03-22,223.18
2022-03-23,223.04
2022-03-24,223.19
2022-03-25,223.76
2022-03-26,224.33
2022-03-27,224.72
2022-03-28,225.13
2022-03-29,225.14
2022-03-30,225.47
2022-03-31,225.67
2022-04-01,225.72
2022-04-02,225.46
2022-04-03,225.26
2022-04-04,225.02
2022-04-05,225.65
2022-04-06,225.52
2022-04-07,225.32
2022-04-08,225.17
2022-04-09,224.89
2022-04-10,224.46
2022-04-11,224.09
2022-04-12,223.81
2022-04-13,223.61
2022-04-14,223.56
2022-04-15,223.32
2022-04-16,223.52
2022-04-17,223.96
2022-04-18,224.66
2022-04-19,225.00
2022-04-20,225.36
2022-04-21,225.62
2022-04-22,226.00
2022-04-23,226.37
2022-04-24,226.36
2022-04-25,226.58
2022-04-26,226.54
2022-04-27,224.32
2022-04-28,224.25
2022-04-29,223.95
2022-04-30,223.64
2022-05-01,223.61
2022-05-02,223.28
2022-05-03,223.30
2022-05-04,225.46
2022-05-05,225.55
2022-05-06,226.06
2022-05-07,226.34
2022-05-08,226.70
2022-05-09,227.49
2022-05-10,228.05
2022-05-11,228.35
2022-05-12,228.53
2022-05-13,228.43
2022-05-14,228.52
2022-05-15,228.55
2022-05-16,228.47
2022-05-17,227.75
2022-05-18,227.66
2022-05-19,227.62
2022-05-20,227.57
2022-05-21,227.14
2022-05-22,227.11
2022-05-23,226.89
2022-05-24,227.32
2022-05-25,227.20
2022-05-26,227.01
2022-05-27,226.76
2022-05-28,226.78
2022-05-29,226.34
2022-05-30,226.06
2022-05-31,225.50
2022-06-01,224.96
2022-06-02,224.14
2022-06-03,223.35
2022-06-04,222.61
2022-06-05,221.76
2022-06-06,220.89
2022-06-07,220.09
2022-06-08,219.42
2022-06-09,219.06
2022-06-10,218.61
2022-06-11,218.20
2022-06-12,217.86
2022-06-13,217.61
2022-06-14,217.51
2022-06-15,217.39
2022-06-16,217.09
2022-06-17,217.00
2022-06-18,216.78
2022-06-19,216.76
2022-06-20,216.73
2022-06-21,216.68
2022-06-22,216.59
2022-06-23,216.70
2022-06-24,216.52
2022-06-25,216.13
2022-06-26,215.75
2022-06-27,215.02
2022-06-28,214.08
2022-06-29,213.11
2022-06-30,212.16
2022-07-01,211.42
2022-07-02,210.99
2022-07-03,210.24
2022-07-04,209.43
2022-07-05,209.22
2022-07-06,208.54
2022-07-07,207.85
2022-07-08,207.13
2022-07-09,206.20
2022-07-10,205.42
2022-07-11,205.03
2022-07-12,204.21
2022-07-13,203.72
2022-07-14,203.15
2022-07-15,202.55
2022-07-16,202.11
2022-07-17,201.72
2022-07-18,200.97
2022-07-19,200.10
2022-07-20,199.72
2022-07-21,198.98
2022-07-22,198.51
2022-07-23,197.58
2022-07-24,196.96
2022-07-25,196.42
2022-07-26,195.98
2022-07-27,195.19
2022-07-28,194.90
2022-07-29,194.47
2022-07-30,194.64
2022-07-31,194.39
2022-08-01,194.29
2022-08-02,193.99
2022-08-03,193.78
2022-08-04,193.41
2022-08-05,193.04
2022-08-06,192.46
2022-08-07,191.91
2022-08-08,191.55
2022-08-09,191.34
2022-08-10,190.94
2022-08-11,190.51
2022-08-12,189.92
2022-08-13,189.16
2022-08-14,188.60
2022-08-15,187.97
2022-08-16,187.30
2022-08-17,186.64
2022-08-18,186.00
2022-08-19,185.48
2022-08-20,185.14
2022-08-21,184.70
2022-08-22,184.20
2022-08-23,183.40
2022-08-24,183.13
2022-08-25,182.98
2022-08-26,182.68
2022-08-27,182.46
2022-08-28,182.10
2022-08-29,181.64
2022-08-30,181.39
2022-08-31,180.94
2022-09-01,180.42
2022-09-02,179.97
2022-09-03,179.56
2022-09-04,179.22
2022-09-05,178.81
2022-09-06,178.48
2022-09-07,177.87
2022-09-08,177.27
2022-09-09,176.77
2022-09-10,176.21
2022-09-11,175.53
2022-09-12,175.05
2022-09-13,174.62
2022-09-14,174.26
2022-09-15,174.01
2022-09-16,173.72
2022-09-17,173.28
2022-09-18,172.99
2022-09-19,172.55
2022-09-20,171.92
2022-09-21,171.53
2022-09-22,171.05
2022-09-23,170.53
2022-09-24,170.18
2022-09-25,169.74
2022-09-26,169.48
2022-09-27,169.45
2022-09-28,169.11
2022-09-29,168.76
2022-09-30,168.41
2022-10-01,168.10
2022-10-02,167.76
2022-10-03,167.39
2022-10-04,166.70
2022-10-05,166.16
2022-10-06,165.52
2022-10-07,164.72
2022-10-08,163.95
2022-10-09,163.16
2022-10-10,162.52
2022-10-11,162.09
2022-10-12,161.58
2022-10-13,161.19
2022-10-14,161.04
2022-10-15,160.68
2022-10-16,160.52
2022-10-17,160.16
2022-10-18,159.85
2022-10-19,159.59
2022-10-20,159.21
2022-10-21,158.78
2022-10-22,157.83
2022-10-23,157.30
2022-10-24,156.89
2022-10-25,156.48
2022-10-26,156.00
2022-10-27,155.77
2022-10-28,155.42
2022-10-29,155.75
2022-10-30,155.53
2022-10-31,155.40
2022-11-01,155.11
2022-11-02,154.49
2022-11-03,153.61
2022-11-04,152.92
2022-11-05,152.06
2022-11-06,151.32
2022-11-07,150.48
2022-11-08,149.73
2022-11-09,149.26
2022-11-10,148.81
2022-11-11,148.23
2022-11-12,147.86
2022-11-13,147.36
2022-11-14,146.80
2022-11-15,146.33
2022-11-16,146.00
2022-11-17,145.73
2022-11-18,145.45
2022-11-19,144.97
2022-11-20,144.64
2022-11-21,144.31
2022-11-22,143.94
2022-11-23,143.67
2022-11-24,143.35
2022-11-25,143.21
2022-11-26,143.18
2022-11-27,142.99
2022-11-28,142.79
2022-11-29,142.70
2022-11-30,142.55
2022-12-01,142.39
2022-12-02,141.97
2022-12-03,141.52
2022-12-04,140.97
2022-12-05,140.57
2022-12-06,139.86
2022-12-07,138.98
2022-12-08,138.20
2022-12-09,137.61
2022-12-10,136.88
2022-12-11,136.38
2022-12-12,135.70
2022-12-13,135.24
2022-12-14,135.19
2022-12-15,134.90
2022-12-16,134.60
2022-12-17,134.37
2022-12-18,134.08
2022-12-19,133.81
2022-12-20,133.57
2022-12-21,133.09
2022-12-22,132.73
2022-12-23,132.30
2022-12-24,132.07
2022-12-25,131.79
2022-12-26,131.62
2022-12-27,131.47
2022-12-28,131.20
2022-12-29,130.97
2022-12-30,130.84
2022-12-31,130.63
2023-01-01,130.38
2023-01-02,130.06
2023-01-03,129.67
2023-01-04,129.04
2023-01-05,128.64
2023-01-06,128.33
2023-01-07,127.98
2023-01-08,127.77
2023-01-09,127.52
2023-01-10,127.44
2023-01-11,127.65
2023-01-12,127.69
2023-01-13,127.60
2023-01-14,127.32
2023-01-15,127.24
2023-01-16,127.18
2023-01-17,127.04
2023-01-18,126.74
2023-01-19,126.63
2023-01-20,126.23
2023-01-21,125.97
2023-01-22,125.54
2023-01-23,125.05
2023-01-24,124.56
2023-01-25,124.12
2023-01-26,123.45
2023-01-27,123.07
2023-01-28,122.76
2023-01-29,122.35
2023-01-30,121.94
2023-01-31,121.53
2023-02-01,121.22
2023-02-02,120.80
2023-02-03,120.34
2023-02-04,119.89
2023-02-05,119.32
2023-02-06,118.84
2023-02-07,118.24
2023-02-08,117.52
2023-02-09,117.06
2023-02-10,116.60
2023-02-11,116.10
2023-02-12,115.66
2023-02-13,115.21
2023-02-14,114.70
2023-02-15,114.30
2023-02-16,113.73
2023-02-17,113.14
2023-02-18,112.05
2023-02-19,111.49
2023-02-20,111.03
2023-02-21,110.62
2023-02-22,110.13
2023-02-23,109.62
2023-02-24,109.00
2023-02-25,108.94
2023-02-26,108.34
2023-02-27,107.63
2023-02-28,106.90
2023-03-01,106.04
2023-03-02,105.50
2023-03-03,105.13
2023-03-04,104.71
2023-03-05,104.43
2023-03-06,104.21
2023-03-07,103.95
2023-03-08,103.76
2023-03-09,103.47
2023-03-10,103.34
2023-03-11,103.23
2023-03-12,102.99
2023-03-13,102.61
2023-03-14,102.42
2023-03-15,102.43
2023-03-16,102.37
2023-03-17,102.19
2023-03-18,102.03
2023-03-19,101.96
2023-03-20,102.07
2023-03-21,102.15
2023-03-22,102.11
2023-03-23,101.95
2023-03-24,101.82
2023-03-25,101.66
2023-03-26,101.38
2023-03-27,101.01
2023-03-28,100.58
2023-03-29,100.22
2023-03-30,99.98
2023-03-31,99.74
2023-04-01,99.61
2023-04-02,99.50
2023-04-03,99.32
2023-04-04,99.18
2023-04-05,99.06
2023-04-06,99.00
2023-04-07,98.82
2023-04-08,98.62
2023-04-09,98.42
2023-04-10,98.47
2023-04-11,98.51
2023-04-12,98.51
2023-04-13,98.35
2023-04-14,98.27
2023-04-15,97.82
2023-04-16,97.79
2023-04-17,97.60
2023-04-18,97.43
2023-04-19,97.30
2023-04-20,97.30
2023-04-21,97.20
2023-04-22,97.49
2023-04-23,97.40
2023-04-24,97.30
2023-04-25,97.13
2023-04-26,97.51
2023-04-27,97.88
2023-04-28,99.10
2023-04-29,98.83
2023-04-30,98.52
2023-05-01,98.25
2023-05-02,98.12
2023-05-03,98.27
2023-05-04,98.06
2023-05-05,97.44
2023-05-06,98.17
2023-05-07,98.90
2023-05-08,99.44
2023-05-09,99.87
2023-05-10,99.55
2023-05-11,99.49
2023-05-12,98.69
2023-05-13,98.27
2023-05-14,97.92
2023-05-15,97.73
2023-05-16,97.53
2023-05-17,97.06
2023-05-18,96.86
2023-05-19,97.03
2023-05-20,96.82
2023-05-21,96.72
2023-05-22,96.55
2023-05-23,96.32
2023-05-24,96.39
2023-05-25,96.27
2023-05-26,96.15
2023-05-27,95.96
2023-05-28,95.57
2023-05-29,95.27
2023-05-30,95.03
2023-05-31,94.58
2023-06-01,94.04
2023-06-02,93.54
2023-06-03,93.32
2023-06-04,93.07
2023-06-05,92.80
2023-06-06,92.50
2023-06-07,92.21
2023-06-08,91.34
2023-06-09,90.37
2023-06-10,89.09
2023-06-11,87.94
2023-06-12,86.82
2023-06-13,85.69
2023-06-14,84.72
2023-06-15,84.51
2023-06-16,84.24
2023-06-17,84.24
2023-06-18,84.24
2023-06-19,84.23
2023-06-20,84.29
2023-06-21,84.29
2023-06-22,84.29
2023-06-23,84.21
2023-06-24,84.08
2023-06-25,83.89
2023-06-26,83.62
2023-06-27,83.42
2023-06-28,83.19
2023-06-29,82.90
2023-06-30,82.79
2023-07-01,82.66
2023-07-02,82.56
2023-07-03,82.51
2023-07-04,82.42
2023-07-05,82.46
2023-07-06,82.36
2023-07-07,82.31
2023-07-08,82.40
2023-07-09,82.45
2023-07-10,82.53
2023-07-11,82.58
2023-07-12,82.61
2023-07-13,83.18
2023-07-14,83.71
2023-07-15,84.09
2023-07-16,84.51
2023-07-17,84.94
2023-07-18,85.31
2023-07-19,85.67
2023-07-20,85.59
2023-07-21,85.47
2023-07-22,85.07
2023-07-23,84.88
2023-07-24,84.64
2023-07-25,84.46
2023-07-26,84.24
2023-07-27,83.67
2023-07-28,83.19
2023-07-29,82.94
2023-07-30,82.49
2023-07-31,82.03
2023-08-01,81.53
2023-08-02,80.98
2023-08-03,80.72
2023-08-04,80.45
2023-08-05,80.29
2023-08-06,80.07
2023-08-07,79.88
2023-08-08,79.74
2023-08-09,79.66
2023-08-10,79.56
2023-08-11,79.45
2023-08-12,79.27
2023-08-13,79.25
2023-08-14,79.18
2023-08-15,79.07
2023-08-16,78.98
2023-08-17,78.97
2023-08-18,79.10
2023-08-19,79.16
2023-08-20,79.06
2023-08-21,79.07
2023-08-22,79.10
2023-08-23,79.15
2023-08-24,79.12
2023-08-25,78.91
2023-08-26,78.81
2023-08-27,78.75
2023-08-28,78.66
2023-08-29,78.66
2023-08-30,78.61
2023-08-31,78.58
2023-09-01,78.65
2023-09-02,78.78
2023-09-03,78.86
2023-09-04,78.94
2023-09-05,78.90
2023-09-06,78.83
2023-09-07,78.78
2023-09-08,78.70
2023-09-09,78.58
2023-09-10,78.47
2023-09-11,78.33
2023-09-12,78.21
2023-09-13,78.19
2023-09-14,78.11
2023-09-15,77.94
2023-09-16,77.76
2023-09-17,77.47
2023-09-18,77.15
2023-09-19,76.86
2023-09-20,76.51
2023-09-21,76.15
2023-09-22,75.91
2023-09-23,75.62
2023-09-24,75.47
2023-09-25,75.38
2023-09-26,75.29
2023-09-27,75.24
2023-09-28,75.29
2023-09-29,75.23
2023-09-30,75.14
2023-10-01,75.12
2023-10-02,75.11
2023-10-03,75.09
2023-10-04,75.09
2023-10-05,75.03
2023-10-06,75.07
2023-10-07,75.19
2023-10-08,75.22
2023-10-09,75.22
2023-10-10,75.24
2023-10-11,75.21
2023-10-12,75.26
2023-10-13,75.30
2023-10-14,75.37
2023-10-15,75.49
2023-10-16,75.56
2023-10-17,75.64
2023-10-18,75.70
2023-10-19,75.76
2023-10-20,75.75
2023-10-21,75.52
2023-10-22,75.31
2023-10-23,75.24
2023-10-24,75.11
2023-10-25,75.02
2023-10-26,74.83
2023-10-27,74.68
2023-10-28,74.67
2023-10-29,74.61
2023-10-30,74.46
2023-10-31,74.29
2023-11-01,74.20
2023-11-02,74.02
2023-11-03,73.88
2023-11-04,73.78
2023-11-05,73.66
2023-11-06,73.55
2023-11-07,73.49
2023-11-08,73.31
2023-11-09,73.27
2023-11-10,73.20
2023-11-11,73.11
2023-11-12,73.05
2023-11-13,72.98
2023-11-14,72.88
2023-11-15,72.76
2023-11-16,72.72
2023-11-17,72.74
2023-11-18,72.66
2023-11-19,72.68
2023-11-20,72.70
2023-11-21,72.77
2023-11-22,72.80
2023-11-23,72.81
2023-11-24,72.80
2023-11-25,72.88
2023-11-26,72.81
2023-11-27,72.76
2023-11-28,72.72
2023-11-29,72.75
2023-11-30,72.65
2023-12-01,72.55
2023-12-02,72.46
2023-12-03,72.44
2023-12-04,72.39
2023-12-05,72.28
2023-12-06,72.38
2023-12-07,72.48
2023-12-08,72.60
2023-12-09,72.58
2023-12-10,72.66
2023-12-11,72.76
2023-12-12,72.79
2023-12-13,72.69
2023-12-14,72.71
2023-12-15,72.63
2023-12-16,72.65
2023-12-17,72.58
2023-12-18,72.54
2023-12-19,72.63
2023-12-20,72.66
2023-12-21,72.64
2023-12-22,72.61
2023-12-23,72.57
2023-12-24,72.56
2023-12-25,72.56
2023-12-26,72.59
2023-12-27,72.62
2023-12-28,72.62
2023-12-29,72.72
2023-12-30,72.76
2023-12-31,72.73
2024-01-01,72.69
2024-01-02,72.63
2024-01-03,72.58
2024-01-04,72.53
2024-01-05,72.43
2024-01-06,72.38
2024-01-07,72.40
2024-01-08,72.32
2024-01-09,72.18
2024-01-10,72.08
2024-01-11,71.99
2024-01-12,71.90
2024-01-13,71.79
2024-01-14,71.76
2024-01-15,71.81
2024-01-16,71.86
2024-01-17,71.85
2024-01-18,71.83
2024-01-19,71.87
2024-01-20,71.96
2024-01-21,71.91
2024-01-22,71.83
2024-01-23,71.72
2024-01-24,71.69
2024-01-25,71.61
2024-01-26,71.43
2024-01-27,71.35
2024-01-28,71.33
2024-01-29,71.29
2024-01-30,71.29
2024-01-31,71.18
2024-02-01,71.20
2024-02-02,71.34
2024-02-03,71.39
2024-02-04,71.41
2024-02-05,71.33
2024-02-06,71.32
2024-02-07,71.38
2024-02-08,71.34
2024-02-09,71.36
2024-02-10,71.31
2024-02-11,71.25
2024-02-12,71.26
2024-02-13,71.25
2024-02-14,71.25
2024-02-15,71.29
2024-02-16,71.23
2024-02-17,71.04
2024-02-18,71.07
2024-02-19,71.15
2024-02-20,71.26
2024-02-21,71.29
2024-02-22,71.26
2024-02-23,71.19
2024-02-24,71.37
2024-02-25,71.33
2024-02-26,71.24
2024-02-27,71.11
2024-02-28,71.02
2024-02-29,70.94
2024-03-01,70.96
2024-03-02,70.83
2024-03-03,70.75
2024-03-04,70.74
2024-03-05,70.73
2024-03-06,70.80
2024-03-07,70.79
2024-03-08,70.78
2024-03-09,70.90
2024-03-10,70.91
2024-03-11,70.91
2024-03-12,70.88
2024-03-13,70.80
2024-03-14,70.79
2024-03-15,70.81
2024-03-16,70.78
2024-03-17,70.83
2024-03-18,70.87
2024-03-19,70.98
2024-03-20,71.02
2024-03-21,71.06
2024-03-22,71.06
2024-03-23,71.11
2024-03-24,71.10
2024-03-25,71.11
2024-03-26,71.02
2024-03-27,70.94
2024-03-28,70.87
2024-03-29,70.87
2024-03-30,70.86
2024-03-31,70.87
2024-04-01,70.76
2024-04-02,70.73
2024-04-03,70.77
2024-04-04,70.77
2024-04-05,70.66
2024-04-06,70.54
2024-04-07,70.42
2024-04-08,70.41
2024-04-09,70.37
2024-04-10,70.39
2024-04-11,70.49
2024-04-12,70.63
2024-04-13,70.73
2024-04-14,70.83
2024-04-15,70.92
2024-04-16,70.98
2024-04-17,70.96
2024-04-18,70.87
2024-04-19,70.78
2024-04-20,70.53
2024-04-21,70.41
2024-04-22,70.25
2024-04-23,70.16
2024-04-24,69.97
2024-04-25,69.83
2024-04-26,69.63
2024-04-27,69.67
2024-04-28,69.57
2024-04-29,69.46
2024-04-30,69.32
2024-05-01,69.24
2024-05-02,69.13
2024-05-03,69.07
2024-05-04,68.93
2024-05-05,68.88
2024-05-06,68.85
2024-05-07,68.84
2024-05-08,68.82
2024-05-09,68.88
2024-05-10,68.99
2024-05-11,69.09
2024-05-12,69.06
2024-05-13,69.06
2024-05-14,69.09
2024-05-15,69.21
2024-05-16,69.25
2024-05-17,69.18
2024-05-18,69.05
2024-05-19,68.90
2024-05-20,68.68
2024-05-21,68.45
2024-05-22,68.56
2024-05-23,68.62
2024-05-24,68.83
2024-05-25,69.11
2024-05-26,69.52
2024-05-27,69.95
2024-05-28,70.34
2024-05-29,70.28
2024-05-30,70.28
2024-05-31,70.19
2024-06-01,70.18
2024-06-02,70.11
2024-06-03,70.11
2024-06-04,70.08
2024-06-05,70.15
2024-06-06,70.22
2024-06-07,70.26
2024-06-08,70.23
2024-06-09,70.20
2024-06-10,70.11
2024-06-11,70.02
2024-06-12,69.92
2024-06-13,69.79
2024-06-14,69.71
2024-06-15,69.47
2024-06-16,69.42
2024-06-17,69.39
2024-06-18,69.38
2024-06-19,69.38
2024-06-20,69.46
2024-06-21,69.55
2024-06-22,69.77
2024-06-23,69.84
2024-06-24,69.89
2024-06-25,69.98
2024-06-26,70.05
2024-06-27,70.11
2024-06-28,70.09
2024-06-29,70.06
2024-06-30,70.08
2024-07-01,70.11
2024-07-02,70.15
2024-07-03,70.16
2024-07-04,70.16
2024-07-05,70.18
2024-07-06,70.20
2024-07-07,70.21
2024-07-08,70.28
2024-07-09,70.31
2024-07-10,70.40
2024-07-11,70.45
2024-07-12,70.60
2024-07-13,70.78
2024-07-14,70.87
2024-07-15,70.90
2024-07-16,70.84
2024-07-17,70.73
2024-07-18,70.57
2024-07-19,70.38
2024-07-20,69.95
2024-07-21,69.82
2024-07-22,69.72
2024-07-23,69.65
2024-07-24,69.60
2024-07-25,69.59
2024-07-26,69.56
2024-07-27,69.78
2024-07-28,69.75
2024-07-29,69.69
2024-07-30,69.72
2024-07-31,69.74
2024-08-01,69.79
2024-08-02,69.75
2024-08-03,69.60
2024-08-04,69.47
2024-08-05,69.30
2024-08-06,69.12
2024-08-07,68.96
2024-08-08,68.79
2024-08-09,68.70
2024-08-10,68.58
2024-08-11,68.52
2024-08-12,68.57
2024-08-13,68.60
2024-08-14,68.57
2024-08-15,68.48
2024-08-16,68.38
2024-08-17,68.39
2024-08-18,68.39
2024-08-19,68.22
2024-08-20,68.08
2024-08-21,67.97
2024-08-22,67.94
2024-08-23,68.01
2024-08-24,67.99
2024-08-25,67.85
2024-08-26,67.83
2024-08-27,67.84
2024-08-28,67.95
2024-08-29,68.13
2024-08-30,68.22
2024-08-31,68.39
2024-09-01,68.63
2024-09-02,68.84
2024-09-03,68.90
2024-09-04,68.93
2024-09-05,68.91
2024-09-06,68.88
2024-09-07,68.94
2024-09-08,68.94
2024-09-09,68.96
2024-09-10,69.10
2024-09-11,69.20
2024-09-12,69.27
2024-09-13,69.33
2024-09-14,69.38
2024-09-15,69.43
2024-09-16,69.48
2024-09-17,69.58
2024-09-18,69.67
2024-09-19,69.80
2024-09-20,69.94
2024-09-21,70.01
2024-09-22,70.05
2024-09-23,70.08
2024-09-24,70.06
2024-09-25,70.04
2024-09-26,69.96
2024-09-27,69.73
2024-09-28,69.48
2024-09-29,69.36
2024-09-30,69.32
2024-10-01,69.19
2024-10-02,69.03
2024-10-03,68.88
2024-10-04,68.98
2024-10-05,69.13
2024-10-06,69.16
2024-10-07,69.12
2024-10-08,69.18
2024-10-09,69.25
2024-10-10,69.18
2024-10-11,68.98
2024-10-12,68.80
2024-10-13,68.65
2024-10-14,68.52
2024-10-15,68.41
2024-10-16,68.25
2024-10-17,68.25
2024-10-18,68.34
2024-10-19,68.30
2024-10-20,68.38
2024-10-21,68.43
2024-10-22,68.36
2024-10-23,68.41
2024-10-24,68.40
2024-10-25,68.34
2024-10-26,68.42
2024-10-27,68.41
2024-10-28,68.38
2024-10-29,68.44
2024-10-30,68.40
2024-10-31,68.50
2024-11-01,68.60
2024-11-02,68.59
2024-11-03,68.53
2024-11-04,68.50
2024-11-05,68.40
2024-11-06,68.30
2024-11-07,68.12
2024-11-08,67.89
2024-11-09,67.69
2024-11-10,67.56
2024-11-11,67.41
2024-11-12,67.29
2024-11-13,67.18
2024-11-14,67.07
2024-11-15,66.95
2024-11-16,66.93
2024-11-17,66.81
2024-11-18,66.75
2024-11-19,66.73
2024-11-20,66.67
2024-11-21,66.59
2024-11-22,66.57
2024-11-23,66.61
2024-11-24,66.67
2024-11-25,66.69
2024-11-26,66.74
2024-11-27,66.88
2024-11-28,67.07
2024-11-29,67.26
2024-11-30,67.39
2024-12-01,67.48
2024-12-02,67.59
2024-12-03,67.67
2024-12-04,67.69
2024-12-05,67.72
2024-12-06,67.66
2024-12-07,67.58
2024-12-08,67.51
2024-12-09,67.51
2024-12-10,67.46
2024-12-11,67.42
2024-12-12,67.35
2024-12-13,67.33
2024-12-14,67.24
2024-12-15,67.32
2024-12-16,67.30
2024-12-17,67.32
2024-12-18,67.32
2024-12-19,67.30
2024-12-20,67.32
2024-12-21,67.40
2024-12-22,67.37
2024-12-23,67.35
2024-12-24,67.35
2024-12-25,67.39
2024-12-26,67.48
2024-12-27,67.49
2024-12-28,67.52
2024-12-29,67.53
2024-12-30,67.56
2024-12-31,67.56
2025-01-01,67.55
2025-01-02,67.52
2025-01-03,67.50
2025-01-04,67.43
2025-01-05,67.36
2025-01-06,67.32
2025-01-07,67.30
2025-01-08,67.28
2025-01-09,67.26
2025-01-10,67.28
2025-01-11,67.33
2025-01-12,67.43
2025-01-13,67.53
2025-01-14,67.62
2025-01-15,67.75
2025-01-16,67.88
2025-01-17,68.01
2025-01-18,68.04
2025-01-19,68.05
2025-01-20,68.00
2025-01-21,67.93
2025-01-22,67.79
2025-01-23,67.63
2025-01-24,67.46
2025-01-25,67.41
2025-01-26,67.30
2025-01-27,67.19
2025-01-28,67.09
2025-01-29,67.04
2025-01-30,66.99
2025-01-31,66.92
2025-02-01,66.81
2025-02-02,66.70
2025-02-03,66.60
2025-02-04,66.51
2025-02-05,66.37
2025-02-06,66.25
2025-02-07,66.06
2025-02-08,65.91
2025-02-09,65.75
2025-02-10,65.61
2025-02-11,65.48
2025-02-12,65.38
2025-02-13,65.25
2025-02-14,65.14
2025-02-15,64.84
2025-02-16,64.78
2025-02-17,64.70
2025-02-18,64.51
2025-02-19,64.25
2025-02-20,64.03
2025-02-21,63.76
2025-02-22,63.80
2025-02-23,63.59
2025-02-24,63.28
2025-02-25,63.07
2025-02-26,62.94
2025-02-27,62.85
2025-02-28,62.82
2025-03-01,62.64
2025-03-02,62.59
2025-03-03,62.65
2025-03-04,62.71
2025-03-05,62.71
2025-03-06,62.78
2025-03-07,62.75
2025-03-08,62.76
2025-03-09,62.65
2025-03-10,62.47
2025-03-11,62.28
2025-03-12,62.16
2025-03-13,61.88
2025-03-14,61.75
2025-03-15,61.67
2025-03-16,61.64
2025-03-17,61.64
2025-03-18,61.64
2025-03-19,61.70
2025-03-20,61.88
2025-03-21,62.14
2025-03-22,62.29
2025-03-23,62.42
2025-03-24,62.56
2025-03-25,62.74
2025-03-26,62.80
2025-03-27,62.77
2025-03-28,62.67
2025-03-29,62.60
2025-03-30,62.56
2025-03-31,62.58
2025-04-01,62.61
2025-04-02,62.71
2025-04-03,62.85
2025-04-04,63.08
2025-04-05,63.34
2025-04-06,63.61
2025-04-07,63.87
2025-04-08,64.00
2025-04-09,64.15
2025-04-10,64.24
2025-04-11,64.16
2025-04-12,64.08
2025-04-13,63.95
2025-04-14,63.73
2025-04-15,63.63
2025-04-16,63.49
2025-04-17,63.48
2025-04-18,63.49
2025-04-19,63.42
2025-04-20,63.46
2025-04-21,63.59
2025-04-22,63.67
2025-04-23,63.74
2025-04-24,63.69
2025-04-25,63.61
2025-04-26,63.62
2025-04-27,63.56
2025-04-28,63.47
2025-04-29,63.31
2025-04-30,63.24
2025-05-01,63.19
2025-05-02,63.22
2025-05-03,63.25
2025-05-04,63.19
2025-05-05,63.03
2025-05-06,63.11
2025-05-07,63.07
2025-05-08,62.93
2025-05-09,62.81
2025-05-10,62.73
2025-05-11,62.58
2025-05-12,62.47
2025-05-13,62.19
2025-05-14,61.88
2025-05-15,61.74
2025-05-16,61.56
2025-05-17,61.10
2025-05-18,61.17
2025-05-19,61.35
2025-05-20,61.50
2025-05-21,61.83
2025-05-22,62.15
2025-05-23,62.42
2025-05-24,63.00
2025-05-25,63.22
2025-05-26,63.45
2025-05-27,63.67
2025-05-28,63.68
2025-05-29,63.77
2025-05-30,63.93
2025-05-31,64.02
2025-06-01,64.14
2025-06-02,64.24
2025-06-03,64.42
2025-06-04,64.71
2025-06-05,64.96
2025-06-06,65.13
2025-06-07,65.32
2025-06-08,65.42
2025-06-09,65.46
2025-06-10,65.47
2025-06-11,65.53
2025-06-12,65.48
2025-06-13,65.46
2025-06-14,65.28
2025-06-15,65.32
2025-06-16,65.37
2025-06-17,65.36
2025-06-18,65.42
2025-06-19,65.50
2025-06-20,65.58
2025-06-21,65.77
2025-06-22,65.78
2025-06-23,65.82
2025-06-24,65.89
2025-06-25,65.83
2025-06-26,65.73
2025-06-27,65.70
2025-06-28,65.65
2025-06-29,65.62
2025-06-30,65.52
2025-07-01,65.33
2025-07-02,65.15
2025-07-03,64.99
2025-07-04,64.82
2025-07-05,64.71
2025-07-06,64.54
2025-07-07,64.47
2025-07-08,64.51
2025-07-09,64.57
2025-07-10,64.71
2025-07-11,64.86
2025-07-12,64.93
2025-07-13,65.07
2025-07-14,65.14
2025-07-15,65.27
2025-07-16,65.43
2025-07-17,65.55
2025-07-18,65.65
2025-07-19,65.65
2025-07-20,65.82
2025-07-21,65.97
2025-07-22,66.11
2025-07-23,66.14
2025-07-24,66.17
2025-07-25,66.13
2025-07-26,66.17
2025-07-27,66.09
2025-07-28,66.11
2025-07-29,66.08
2025-07-30,66.07
2025-07-31,66.02
2025-08-01,66.20
2025-08-02,66.26
2025-08-03,66.26
2025-08-04,66.20
2025-08-05,66.18
2025-08-06,66.18
2025-08-07,66.17
2025-08-08,66.02
2025-08-09,65.97
2025-08-10,66.04
2025-08-11,66.12
2025-08-12,66.00
2025-08-13,65.99
2025-08-14,66.00
2025-08-15,66.06
2025-08-16,66.19
2025-08-17,66.19
2025-08-18,66.27
2025-08-19,66.45
2025-08-20,66.53
2025-08-21,66.60
2025-08-22,66.59
2025-08-23,66.49
2025-08-24,66.44
2025-08-25,66.27
2025-08-26,66.18
2025-08-27,66.11
2025-08-28,66.07
2025-08-29,65.73
2025-08-30,65.51
2025-08-31,65.23
2025-09-01,65.04
2025-09-02,64.79
2025-09-03,64.53
2025-09-04,64.42
2025-09-05,64.58
2025-09-06,64.71
2025-09-07,64.88
2025-09-08,65.04
2025-09-09,65.22
2025-09-10,65.40
2025-09-11,65.42
2025-09-12,65.48
2025-09-13,65.42
2025-09-14,65.28
2025-09-15,65.13
2025-09-16,65.04
2025-09-17,64.96
2025-09-18,64.87
2025-09-19,64.72
2025-09-20,64.71
2025-09-21,64.68
2025-09-22,64.59
2025-09-23,64.47
2025-09-24,64.35
2025-09-25,64.25
2025-09-26,64.19
2025-09-27,64.10
2025-09-28,64.12
2025-09-29,64.17
2025-09-30,64.29
2025-10-01,64.30
2025-10-02,64.31
2025-10-03,64.36
2025-10-04,64.40
2025-10-05,64.38
2025-10-06,64.38
2025-10-07,64.31
2025-10-08,64.28
2025-10-09,64.29
2025-10-10,64.36
2025-10-11,64.39
2025-10-12,64.47
2025-10-13,64.55
2025-10-14,64.71
2025-10-15,64.94
2025-10-16,65.07
2025-10-17,65.18
2025-10-18,65.15
2025-10-19,65.28
2025-10-20,65.37
2025-10-21,65.36
2025-10-22,65.29
2025-10-23,65.32
2025-10-24,65.37
2025-10-25,65.51
2025-10-26,65.51
2025-10-27,65.54
2025-10-28,65.67
2025-10-29,65.83
2025-10-30,65.99
2025-10-31,65.96
2025-11-01,65.85
2025-11-02,65.90
2025-11-03,65.96
2025-11-04,65.92
2025-11-05,65.93
2025-11-06,65.94
2025-11-07,66.09
2025-11-08,66.36
2025-11-09,66.37
2025-11-10,66.32
2025-11-11,66.37
2025-11-12,66.34
2025-11-13,66.27
2025-11-14,66.14
2025-11-15,66.19
2025-11-16,66.27
2025-11-17,66.30
2025-11-18,66.33
2025-11-19,66.29
2025-11-20,66.34
2025-11-21,66.36
2025-11-22,66.38
2025-11-23,66.37
2025-11-24,66.37
2025-11-25,66.35
2025-11-26,66.45
2025-11-27,66.51
2025-11-28,66.59
2025-11-29,66.58
2025-11-30,66.61
2025-12-01,66.65
2025-12-02,66.66
2025-12-03,66.57
2025-12-04,66.53
2025-12-05,66.49
2025-12-06,66.48
2025-12-07,66.51
2025-12-08,66.47
2025-12-09,66.49
2025-12-10,66.58
2025-12-11,66.63
2025-12-12,66.70
2025-12-13,66.82
2025-12-14,66.91
2025-12-15,66.99
2025-12-16,67.06
2025-12-17,67.07
2025-12-18,67.13
2025-12-19,67.17
2025-12-20,67.15
2025-12-21,67.06
2025-12-22,67.13
2025-12-23,67.18
2025-12-24,67.29
2025-12-25,67.29
2025-12-26,67.26
2025-12-27,67.20
2025-12-28,67.20
2025-12-29,67.12
2025-12-30,67.15
2025-12-31,67.13
2026-01-01,67.05
2026-01-02,67.02
2026-01-03,66.92
2026-01-04,66.84
2026-01-05,66.79
2026-01-06,66.75
2026-01-07,66.80
2026-01-08,66.91
2026-01-09,66.98
2026-01-10,67.14
2026-01-11,67.37
2026-01-12,67.49
2026-01-13,67.61
2026-01-14,67.65
2026-01-15,67.81
2026-01-16,68.02
2026-01-17,68.24
2026-01-18,68.36
2026-01-19,68.53
2026-01-20,68.58
2026-01-21,68.67
2026-01-22,68.70
2026-01-23,68.77
2026-01-24,68.80
2026-01-25,68.92
2026-01-26,68.97
2026-01-27,69.07
2026-01-28,69.15
2026-01-29,69.17
2026-01-30,69.17
2026-01-31,69.25
2026-02-01,69.29
2026-02-02,69.42
2026-02-03,69.53
2026-02-04,69.60
2026-02-05,69.60
2026-02-06,69.78
2026-02-07,69.75
2026-02-08,69.78
2026-02-09,69.75
2026-02-10,69.78
2026-02-11,69.77
2026-02-12,70.07
2026-02-13,70.14
2026-02-14,70.19
2026-02-15,70.26
2026-02-16,70.32
2026-02-17,70.31
2026-02-18,70.42
2026-02-19,70.35
2026-02-20,70.40
2026-02-21,70.57
2026-02-22,70.69
2026-02-23,70.74
2026-02-24,70.78
2026-02-25,70.80
2026-02-26,70.89
2026-02-27,70.87
2026-02-28,70.77
2026-03-01,70.62
2026-03-02,70.61
2026-03-03,70.54
2026-03-04,70.53
2026-03-05,70.46
2026-03-06,70.47
2026-03-07,70.56
2026-03-08,70.67
2026-03-09,70.91
2026-03-10,71.26
2026-03-11,71.36
2026-03-12,71.35
2026-03-13,71.31
2026-03-14,71.32
2026-03-15,71.26
2026-03-16,71.20
2026-03-17,70.81
2026-03-18,70.79
2026-03-19,71.00
2026-03-20,71.29
2026-03-21,71.52
2026-03-22,71.81
2026-03-23,71.99
2026-03-24,72.26
2026-03-25,72.52
2026-03-26,72.68
2026-03-27,72.59
2026-03-28,72.59
2026-03-29,72.58
2026-03-30,72.62
2026-03-31,72.69
2026-04-01,72.57
2026-04-02,72.33
2026-04-03,72.28
2026-04-04,72.11
2026-04-05,71.97
2026-04-06,71.75
2026-04-07,71.70
2026-04-08,71.66
2026-04-09,71.76
2026-04-10,71.99
2026-04-11,72.19
2026-04-12,72.38
2026-04-13,72.41
2026-04-14,72.49
2026-04-15,72.69
2026-04-16,72.77
2026-04-17,72.67
2026-04-18,72.68
2026-04-19,72.68
2026-04-20,72.82
2026-04-21,73.10
2026-04-22,73.40
2026-04-23,73.33
2026-04-24,73.08
2026-04-25,72.69
2026-04-26,72.51
2026-04-27,72.34
2026-04-28,72.03
2026-04-29,71.64
2026-04-30,71.81
2026-05-01,72.15
